impl,n,build_time_s,avg_search_time_s
aa_tree,100000,0.066240,3.46804e-07
aa_tree,200000,0.170066,4.26316e-07
aa_tree,300000,0.261492,4.776e-07
aa_tree,400000,0.364641,5.29289e-07
aa_tree,500000,0.481883,5.80716e-07
aa_tree,600000,0.634638,6.40702e-07
aa_tree,700000,0.772944,6.20198e-07
aa_tree,800000,0.952271,6.66881e-07
aa_tree,900000,1.116605,7.39098e-07
aa_tree,1000000,1.244967,7.00617e-07
aa_tree,1100000,1.400496,8.02302e-07
aa_tree,1200000,1.566607,7.71117e-07
aa_tree,1300000,1.715136,7.68614e-07
aa_tree,1400000,1.872919,7.88093e-07
aa_tree,1500000,2.056620,7.54809e-07
aa_tree,1600000,2.224447,9.03392e-07
aa_tree,1700000,2.404705,7.94005e-07
aa_tree,1800000,2.586874,8.48889e-07
aa_tree,1900000,2.755545,8.19397e-07
aa_tree,2000000,2.945861,9.5489e-07
aa_tree,2100000,3.502491,8.7831e-07
aa_tree,2200000,3.556047,8.63314e-07
aa_tree,2300000,3.586777,8.92711e-07
aa_tree,2400000,3.892241,8.60906e-07
aa_tree,2500000,4.056171,8.60691e-07
aa_tree,2600000,4.180975,8.86106e-07
aa_tree,2700000,4.331330,8.91399e-07
aa_tree,2800000,4.540742,9.5098e-07
aa_tree,2900000,5.081601,9.15504e-07
aa_tree,3000000,5.008449,9.0301e-07
aa_tree,3100000,5.195877,9.66597e-07
aa_tree,3200000,5.305571,1.0937e-06
aa_tree,3300000,5.486111,9.26185e-07
aa_tree,3400000,5.676579,9.16409e-07
aa_tree,3500000,5.985523,1.00341e-06
aa_tree,3600000,6.455449,9.47523e-07
aa_tree,3700000,6.393229,1.00708e-06
aa_tree,3800000,6.549607,9.31311e-07
aa_tree,3900000,7.076041,1.03931e-06
aa_tree,4000000,7.121579,9.74298e-07
aa_tree,4100000,7.261828,9.59897e-07
aa_tree,4200000,7.567357,1.05109e-06
aa_tree,4300000,7.882323,9.85003e-07
aa_tree,4400000,8.025970,9.63092e-07
aa_tree,4500000,8.019565,9.81712e-07
aa_tree,4600000,8.410180,1.01199e-06
aa_tree,4700000,8.907103,1.05259e-06
aa_tree,4800000,8.990492,1.03431e-06
aa_tree,4900000,8.941754,9.88698e-07
aa_tree,5000000,9.325655,1.14019e-06
aa_tree,5100000,9.874660,1.04029e-06
aa_tree,5200000,10.122087,9.97996e-07
aa_tree,5300000,9.730736,1.05381e-06
aa_tree,5400000,9.990514,1.0227e-06
aa_tree,5500000,10.249388,1.02551e-06
aa_tree,5600000,10.570556,1.14691e-06
aa_tree,5700000,10.773946,1.0514e-06
aa_tree,5800000,10.923889,1.12669e-06
aa_tree,5900000,11.088789,1.0294e-06
aa_tree,6000000,11.389143,1.00799e-06
aa_tree,6100000,11.832925,1.0622e-06
aa_tree,6200000,12.230324,1.0807e-06
aa_tree,6300000,12.033788,1.05929e-06
aa_tree,6400000,12.308740,1.16389e-06
aa_tree,6500000,12.511483,1.05269e-06
aa_tree,6600000,12.671795,1.14701e-06
aa_tree,6700000,12.918824,1.1065e-06
aa_tree,6800000,13.176118,1.09279e-06
aa_tree,6900000,13.337789,1.2399e-06
aa_tree,7000000,13.995699,1.10681e-06
aa_tree,7100000,13.920135,1.08309e-06
aa_tree,7200000,14.166791,1.10891e-06
aa_tree,7300000,14.433287,1.0699e-06
aa_tree,7400000,14.639145,1.06242e-06
aa_tree,7500000,14.763398,1.18611e-06
aa_tree,7600000,15.102586,1.14839e-06
aa_tree,7700000,15.382542,1.1261e-06
aa_tree,7800000,15.518415,1.07739e-06
aa_tree,7900000,15.806661,1.11351e-06
aa_tree,8000000,16.007875,1.10872e-06
aa_tree,8100000,16.222822,1.1214e-06
aa_tree,8200000,16.529037,1.1107e-06
aa_tree,8300000,16.784931,1.12929e-06
aa_tree,8400000,17.036453,1.10681e-06
aa_tree,8500000,17.361145,1.1878e-06
aa_tree,8600000,17.550354,1.1637e-06
aa_tree,8700000,17.772408,1.15781e-06
aa_tree,8800000,18.044991,1.1344e-06
aa_tree,8900000,18.327055,1.13671e-06
aa_tree,9000000,18.502353,1.10121e-06
aa_tree,9100000,18.687166,1.173e-06
aa_tree,9200000,19.001978,1.20661e-06
aa_tree,9300000,19.324609,1.07222e-06
aa_tree,9400000,19.571450,1.2552e-06
aa_tree,9500000,19.683900,1.2183e-06
aa_tree,9600000,20.064115,1.15738e-06
aa_tree,9700000,20.272632,1.20869e-06
aa_tree,9800000,20.487302,1.13769e-06
aa_tree,9900000,20.814612,1.07758e-06
aa_tree,10000000,21.072358,1.21698e-06
bs_phf,100000,0.517809,5.60403e-07
bs_phf,200000,0.938953,4.98796e-07
bs_phf,300000,1.382377,5.89395e-07
bs_phf,400000,1.742671,6.17003e-07
bs_phf,500000,2.102128,8.22711e-07
bs_phf,600000,2.899924,7.79891e-07
bs_phf,700000,3.344357,8.72588e-07
bs_phf,800000,3.894175,6.22082e-07
bs_phf,900000,4.275142,1.03588e-06
bs_phf,1000000,4.973045,9.31215e-07
bs_phf,1100000,6.232101,6.65307e-07
bs_phf,1200000,6.786756,7.02786e-07
bs_phf,1300000,7.110318,1.0443e-06
bs_phf,1400000,7.492681,9.75418e-07
bs_phf,1500000,7.937271,1.0994e-06
bs_phf,1600000,8.762703,7.78484e-07
bs_phf,1700000,9.259327,1.1471e-06
bs_phf,1800000,9.642113,1.19591e-06
bs_phf,1900000,10.176880,1.24929e-06
bs_phf,2000000,10.649965,1.0124e-06
bs_phf,2100000,13.321960,6.01196e-07
bs_phf,2200000,13.744244,8.22401e-07
bs_phf,2300000,14.188363,9.52506e-07
bs_phf,2400000,14.795559,9.40704e-07
bs_phf,2500000,15.226071,9.8269e-07
bs_phf,2600000,15.576144,1.2305e-06
bs_phf,2700000,16.461123,1.05801e-06
bs_phf,2800000,17.153997,1.13142e-06
bs_phf,2900000,17.778730,9.57298e-07
bs_phf,3000000,18.314929,1.43621e-06
bs_phf,3100000,18.884802,1.3077e-06
bs_phf,3200000,19.828531,9.07588e-07
bs_phf,3300000,20.505040,1.054e-06
bs_phf,3400000,20.793166,1.2557e-06
bs_phf,3500000,21.335811,1.25439e-06
bs_phf,3600000,21.767628,1.4297e-06
bs_phf,3700000,22.882852,1.28341e-06
bs_phf,3800000,23.101327,1.46551e-06
bs_phf,3900000,23.767054,1.4183e-06
bs_phf,4000000,24.273366,1.22509e-06
bs_phf,4100000,24.676599,1.4091e-06
bs_phf,4200000,30.380912,7.61294e-07
bs_phf,4300000,30.613759,9.027e-07
bs_phf,4400000,32.856527,9.68289e-07
bs_phf,4500000,34.785047,9.42779e-07
bs_phf,4600000,33.105883,1.1153e-06
bs_phf,4700000,32.816844,1.4286e-06
bs_phf,4800000,34.046746,1.0469e-06
bs_phf,4900000,33.885467,1.10691e-06
bs_phf,5000000,34.462737,1.1096e-06
bs_phf,5100000,35.199036,1.40629e-06
bs_phf,5200000,35.807005,1.44191e-06
bs_phf,5300000,37.200032,1.07081e-06
bs_phf,5400000,37.830412,1.158e-06
bs_phf,5500000,37.985768,1.5552e-06
bs_phf,5600000,38.830061,1.4889e-06
bs_phf,5700000,38.847270,1.48091e-06
bs_phf,5800000,39.926048,9.79185e-07
bs_phf,5900000,40.475812,1.1255e-06
bs_phf,6000000,40.909206,1.70882e-06
bs_phf,6100000,41.252324,1.29831e-06
bs_phf,6200000,42.385894,1.6293e-06
bs_phf,6300000,44.393920,8.11911e-07
bs_phf,6400000,45.172834,1.04041e-06
bs_phf,6500000,45.177309,1.18458e-06
bs_phf,6600000,45.918373,1.24731e-06
bs_phf,6700000,46.287497,1.3376e-06
bs_phf,6800000,46.560093,1.46291e-06
bs_phf,6900000,47.584108,1.26729e-06
bs_phf,7000000,47.881923,1.4924e-06
bs_phf,7100000,48.591529,1.29511e-06
bs_phf,7200000,48.961231,1.6326e-06
bs_phf,7300000,49.628939,1.61779e-06
bs_phf,7400000,50.968289,1.31059e-06
bs_phf,7500000,51.839381,1.34461e-06
bs_phf,7600000,51.908442,1.6783e-06
bs_phf,7700000,52.738499,1.60081e-06
bs_phf,7800000,53.720136,1.42369e-06
bs_phf,7900000,54.055147,1.28841e-06
bs_phf,8000000,54.629416,1.36499e-06
bs_phf,8100000,54.829076,1.69768e-06
bs_phf,8200000,55.867954,1.59969e-06
bs_phf,8300000,55.984687,1.68922e-06
bs_phf,8400000,67.580636,7.88593e-07
bs_phf,8500000,67.924643,1.12929e-06
bs_phf,8600000,67.955507,1.11821e-06
bs_phf,8700000,68.656547,1.1272e-06
bs_phf,8800000,69.201623,1.2748e-06
bs_phf,8900000,69.425580,1.47042e-06
bs_phf,9000000,70.573361,1.11701e-06
bs_phf,9100000,72.298419,1.33491e-06
bs_phf,9200000,71.847227,1.2048e-06
bs_phf,9300000,72.474949,1.52988e-06
bs_phf,9400000,72.778284,1.66361e-06
bs_phf,9500000,74.533578,1.177e-06
bs_phf,9600000,74.801948,1.25861e-06
bs_phf,9700000,75.200200,1.08888e-06
bs_phf,9800000,75.442430,1.28469e-06
bs_phf,9900000,76.847117,1.4884e-06
bs_phf,10000000,77.192493,1.24249e-06
